webp_path,png_path,main_webp_url,main_png_url,pinned_png_url
"laoya03_Creator_Profile_Civitai/10150.webp","laoya03_Creator_Profile_Civitai/10150.png","https://cdn.jsdelivr.net/gh/ayaairgear/my-ai-images@main/laoya03_Creator_Profile_Civitai/10150.webp","https://cdn.jsdelivr.net/gh/ayaairgear/my-ai-images@main/laoya03_Creator_Profile_Civitai/10150.png","https://cdn.jsdelivr.net/gh/ayaairgear/my-ai-images@09212a9eb102ddd33f4a496321758b2acf1909af/laoya03_Creator_Profile_Civitai/10150.png"
"laoya03_Creator_Profile_Civitai/10151.webp","laoya03_Creator_Profile_Civitai/10151.png","https://cdn.jsdelivr.net/gh/ayaairgear/my-ai-images@main/laoya03_Creator_Profile_Civitai/10151.webp","https://cdn.jsdelivr.net/gh/ayaairgear/my-ai-images@main/laoya03_Creator_Profile_Civitai/10151.png","https://cdn.jsdelivr.net/gh/ayaairgear/my-ai-images@09212a9eb102ddd33f4a496321758b2acf1909af/laoya03_Creator_Profile_Civitai/10151.png"
"laoya03_Creator_Profile_Civitai/10153.webp","laoya03_Creator_Profile_Civitai/10153.png","https://cdn.jsdelivr.net/gh/ayaairgear/my-ai-images@main/laoya03_Creator_Profile_Civitai/10153.webp","https://cdn.jsdelivr.net/gh/ayaairgear/my-ai-images@main/laoya03_Creator_Profile_Civitai/10153.png","https://cdn.jsdelivr.net/gh/ayaairgear/my-ai-images@09212a9eb102ddd33f4a496321758b2acf1909af/laoya03_Creator_Profile_Civitai/10153.png"
"laoya03_Creator_Profile_Civitai/10154.webp","laoya03_Creator_Profile_Civitai/10154.png","https://cdn.jsdelivr.net/gh/ayaairgear/my-ai-images@main/laoya03_Creator_Profile_Civitai/10154.webp","https://cdn.jsdelivr.net/gh/ayaairgear/my-ai-images@main/laoya03_Creator_Profile_Civitai/10154.png","https://cdn.jsdelivr.net/gh/ayaairgear/my-ai-images@09212a9eb102ddd33f4a496321758b2acf1909af/laoya03_Creator_Profile_Civitai/10154.png"
"laoya03_Creator_Profile_Civitai/10155.webp","laoya03_Creator_Profile_Civitai/10155.png","https://cdn.jsdelivr.net/gh/ayaairgear/my-ai-images@main/laoya03_Creator_Profile_Civitai/10155.webp","https://cdn.jsdelivr.net/gh/ayaairgear/my-ai-images@main/laoya03_Creator_Profile_Civitai/10155.png","https://cdn.jsdelivr.net/gh/ayaairgear/my-ai-images@09212a9eb102ddd33f4a496321758b2acf1909af/laoya03_Creator_Profile_Civitai/10155.png"
"laoya03_Creator_Profile_Civitai/10156.webp","laoya03_Creator_Profile_Civitai/10156.png","https://cdn.jsdelivr.net/gh/ayaairgear/my-ai-images@main/laoya03_Creator_Profile_Civitai/10156.webp","https://cdn.jsdelivr.net/gh/ayaairgear/my-ai-images@main/laoya03_Creator_Profile_Civitai/10156.png","https://cdn.jsdelivr.net/gh/ayaairgear/my-ai-images@09212a9eb102ddd33f4a496321758b2acf1909af/laoya03_Creator_Profile_Civitai/10156.png"
"laoya03_Creator_Profile_Civitai/10157.webp","laoya03_Creator_Profile_Civitai/10157.png","https://cdn.jsdelivr.net/gh/ayaairgear/my-ai-images@main/laoya03_Creator_Profile_Civitai/10157.webp","https://cdn.jsdelivr.net/gh/ayaairgear/my-ai-images@main/laoya03_Creator_Profile_Civitai/10157.png","https://cdn.jsdelivr.net/gh/ayaairgear/my-ai-images@09212a9eb102ddd33f4a496321758b2acf1909af/laoya03_Creator_Profile_Civitai/10157.png"
"laoya03_Creator_Profile_Civitai/10158.webp","laoya03_Creator_Profile_Civitai/10158.png","https://cdn.jsdelivr.net/gh/ayaairgear/my-ai-images@main/laoya03_Creator_Profile_Civitai/10158.webp","https://cdn.jsdelivr.net/gh/ayaairgear/my-ai-images@main/laoya03_Creator_Profile_Civitai/10158.png","https://cdn.jsdelivr.net/gh/ayaairgear/my-ai-images@09212a9eb102ddd33f4a496321758b2acf1909af/laoya03_Creator_Profile_Civitai/10158.png"
"laoya03_Creator_Profile_Civitai/10160.webp","laoya03_Creator_Profile_Civitai/10160.png","https://cdn.jsdelivr.net/gh/ayaairgear/my-ai-images@main/laoya03_Creator_Profile_Civitai/10160.webp","https://cdn.jsdelivr.net/gh/ayaairgear/my-ai-images@main/laoya03_Creator_Profile_Civitai/10160.png","https://cdn.jsdelivr.net/gh/ayaairgear/my-ai-images@09212a9eb102ddd33f4a496321758b2acf1909af/laoya03_Creator_Profile_Civitai/10160.png"
"laoya03_Creator_Profile_Civitai/10161.webp","laoya03_Creator_Profile_Civitai/10161.png","https://cdn.jsdelivr.net/gh/ayaairgear/my-ai-images@main/laoya03_Creator_Profile_Civitai/10161.webp","https://cdn.jsdelivr.net/gh/ayaairgear/my-ai-images@main/laoya03_Creator_Profile_Civitai/10161.png","https://cdn.jsdelivr.net/gh/ayaairgear/my-ai-images@09212a9eb102ddd33f4a496321758b2acf1909af/laoya03_Creator_Profile_Civitai/10161.png"
"laoya03_Creator_Profile_Civitai/10162.webp","laoya03_Creator_Profile_Civitai/10162.png","https://cdn.jsdelivr.net/gh/ayaairgear/my-ai-images@main/laoya03_Creator_Profile_Civitai/10162.webp","https://cdn.jsdelivr.net/gh/ayaairgear/my-ai-images@main/laoya03_Creator_Profile_Civitai/10162.png","https://cdn.jsdelivr.net/gh/ayaairgear/my-ai-images@09212a9eb102ddd33f4a496321758b2acf1909af/laoya03_Creator_Profile_Civitai/10162.png"
"laoya03_Creator_Profile_Civitai/10163.webp","laoya03_Creator_Profile_Civitai/10163.png","https://cdn.jsdelivr.net/gh/ayaairgear/my-ai-images@main/laoya03_Creator_Profile_Civitai/10163.webp","https://cdn.jsdelivr.net/gh/ayaairgear/my-ai-images@main/laoya03_Creator_Profile_Civitai/10163.png","https://cdn.jsdelivr.net/gh/ayaairgear/my-ai-images@09212a9eb102ddd33f4a496321758b2acf1909af/laoya03_Creator_Profile_Civitai/10163.png"
"laoya03_Creator_Profile_Civitai/10164.webp","laoya03_Creator_Profile_Civitai/10164.png","https://cdn.jsdelivr.net/gh/ayaairgear/my-ai-images@main/laoya03_Creator_Profile_Civitai/10164.webp","https://cdn.jsdelivr.net/gh/ayaairgear/my-ai-images@main/laoya03_Creator_Profile_Civitai/10164.png","https://cdn.jsdelivr.net/gh/ayaairgear/my-ai-images@09212a9eb102ddd33f4a496321758b2acf1909af/laoya03_Creator_Profile_Civitai/10164.png"
"laoya03_Creator_Profile_Civitai/10165.webp","laoya03_Creator_Profile_Civitai/10165.png","https://cdn.jsdelivr.net/gh/ayaairgear/my-ai-images@main/laoya03_Creator_Profile_Civitai/10165.webp","https://cdn.jsdelivr.net/gh/ayaairgear/my-ai-images@main/laoya03_Creator_Profile_Civitai/10165.png","https://cdn.jsdelivr.net/gh/ayaairgear/my-ai-images@09212a9eb102ddd33f4a496321758b2acf1909af/laoya03_Creator_Profile_Civitai/10165.png"
"laoya03_Creator_Profile_Civitai/10166.webp","laoya03_Creator_Profile_Civitai/10166.png","https://cdn.jsdelivr.net/gh/ayaairgear/my-ai-images@main/laoya03_Creator_Profile_Civitai/10166.webp","https://cdn.jsdelivr.net/gh/ayaairgear/my-ai-images@main/laoya03_Creator_Profile_Civitai/10166.png","https://cdn.jsdelivr.net/gh/ayaairgear/my-ai-images@09212a9eb102ddd33f4a496321758b2acf1909af/laoya03_Creator_Profile_Civitai/10166.png"
"laoya03_Creator_Profile_Civitai/10167.webp","laoya03_Creator_Profile_Civitai/10167.png","https://cdn.jsdelivr.net/gh/ayaairgear/my-ai-images@main/laoya03_Creator_Profile_Civitai/10167.webp","https://cdn.jsdelivr.net/gh/ayaairgear/my-ai-images@main/laoya03_Creator_Profile_Civitai/10167.png","https://cdn.jsdelivr.net/gh/ayaairgear/my-ai-images@09212a9eb102ddd33f4a496321758b2acf1909af/laoya03_Creator_Profile_Civitai/10167.png"
"laoya03_Creator_Profile_Civitai/10168.webp","laoya03_Creator_Profile_Civitai/10168.png","https://cdn.jsdelivr.net/gh/ayaairgear/my-ai-images@main/laoya03_Creator_Profile_Civitai/10168.webp","https://cdn.jsdelivr.net/gh/ayaairgear/my-ai-images@main/laoya03_Creator_Profile_Civitai/10168.png","https://cdn.jsdelivr.net/gh/ayaairgear/my-ai-images@09212a9eb102ddd33f4a496321758b2acf1909af/laoya03_Creator_Profile_Civitai/10168.png"
"laoya03_Creator_Profile_Civitai/10174.webp","laoya03_Creator_Profile_Civitai/10174.png","https://cdn.jsdelivr.net/gh/ayaairgear/my-ai-images@main/laoya03_Creator_Profile_Civitai/10174.webp","https://cdn.jsdelivr.net/gh/ayaairgear/my-ai-images@main/laoya03_Creator_Profile_Civitai/10174.png","https://cdn.jsdelivr.net/gh/ayaairgear/my-ai-images@09212a9eb102ddd33f4a496321758b2acf1909af/laoya03_Creator_Profile_Civitai/10174.png"
"laoya03_Creator_Profile_Civitai/10175.webp","laoya03_Creator_Profile_Civitai/10175.png","https://cdn.jsdelivr.net/gh/ayaairgear/my-ai-images@main/laoya03_Creator_Profile_Civitai/10175.webp","https://cdn.jsdelivr.net/gh/ayaairgear/my-ai-images@main/laoya03_Creator_Profile_Civitai/10175.png","https://cdn.jsdelivr.net/gh/ayaairgear/my-ai-images@09212a9eb102ddd33f4a496321758b2acf1909af/laoya03_Creator_Profile_Civitai/10175.png"
"laoya03_Creator_Profile_Civitai/10176.webp","laoya03_Creator_Profile_Civitai/10176.png","https://cdn.jsdelivr.net/gh/ayaairgear/my-ai-images@main/laoya03_Creator_Profile_Civitai/10176.webp","https://cdn.jsdelivr.net/gh/ayaairgear/my-ai-images@main/laoya03_Creator_Profile_Civitai/10176.png","https://cdn.jsdelivr.net/gh/ayaairgear/my-ai-images@09212a9eb102ddd33f4a496321758b2acf1909af/laoya03_Creator_Profile_Civitai/10176.png"
